cluster_id,query_family,gsc_evidence,likely_current_landing,user_job,current_capability,capability_gap,action,proposed_product,source_freshness_requirement,preferred_canonical,new_indexable_route,effort,confidence,measurement_cohort
fuel-near-me,"gas prices near me; fuel prices near me","3674 impressions; 0 clicks; position 6.57; 3 months","/tools/fuel-tracker/","Find a nearby fuel reference and calculate fill cost","Dated country snapshots","No location action, granularity or fill calculator",ADD_MISSING_FEATURE,"Local Fuel Price Finder","45-day threshold; official preferred; national fallback labelled",/tools/fuel-tracker/,no,medium,high,gsc-demand-capture-2026-08-fuel
mobile-money-fees,"Orange money fees; mobile money charges","17481 impressions; 0.46% CTR; 28 days","/tools/mobile-money-fees/","Find provider/action/amount fee","User-entered quote comparison","No maintained tariff packs",PARK_UNTIL_CAPABILITY_EXISTS,"Provider fee finder","Provider tariff and effective/verified dates",/tools/mobile-money-fees/,no,high,medium,gsc-demand-capture-backlog-mobile-money
electricity-tariffs,"electricity tariff; prepaid units","14680 impressions; 28 days","existing electricity routes","Find current provider/class tariff","Broad calculators","Stale/provider-variable data",PARK_UNTIL_CAPABILITY_EXISTS,"Provider tariff finder","Official provider/class schedules",existing-electricity-canonical,no,high,medium,gsc-demand-capture-backlog-electricity
tax-vat-tin,"VAT; withholding tax; TIN","13972 impressions; 28 days","country VAT/tax routes","Calculate or find authority service","Multiple tools","Needs route-level recovery study",RECOVER_EXISTING_ROUTE,"Country tax recovery","Revenue authority and enacted-law sources",existing-country-canonicals,no,medium,medium,gsc-demand-capture-backlog-tax
import-landed-cost,"import duty; landed cost","8452 impressions; 28 days","/tools/import-duty/","Estimate landed cost","Strong tools","Journey needs focused recovery",RECOVER_EXISTING_ROUTE,"Import journey hardening","Customs sources and assumptions separated",/tools/import-duty/,no,medium,high,gsc-demand-capture-backlog-import
construction-boq,"construction price; BOQ","about 7000 impressions; 28 days","existing BOQ tools","Build quantities and priced plan","Calculation tools","Local price coverage missing",BUILD_DATA_EXPERIENCE,"Local BOQ benchmark layer","Current city/source/date/confidence",existing-boq-canonical,no,high,medium,gsc-demand-capture-backlog-boq
nysc,"NYSC task queries","6207 impressions; 7 clicks; 28 days","existing NYSC routes","Complete exact NYSC task","Existing guides/tools","Needs task/freshness mapping",BUILD_GUIDE,"NYSC task recovery","Official NYSC sources",existing-nysc-canonical,no,medium,medium,gsc-demand-capture-backlog-nysc
paye-authorities,"MRA; ERS; ZRA; URA; LRA; RSL","Repeated variants; aggregate unavailable","country PAYE calculators","Identify jurisdiction and calculator","Calculators and source registry","Acronym ambiguity",ROUTE_OR_DISAMBIGUATE,"PAYE Authority Finder","Authority registry and destination labels",/tools/paye-authority-finder/,yes,low,high,gsc-demand-capture-2026-08-paye-authority
recipes,"exact African recipe queries","High impressions; weak CTR; totals unavailable","existing recipe pages","Cook the exact dish","Exact pages","Page-specific CTR review",PROTECT_WINNER,"Recipe winner recovery","Recipe source and tested instructions",existing-recipe-canonical,no,medium,medium,gsc-demand-capture-backlog-recipes
